Steps,Policy/Entropy,Policy/Extrinsic Value Estimate,Policy/Curiosity Value Estimate,Environment/Episode Length,Environment/Cumulative Reward,Policy/Extrinsic Reward,Policy/Curiosity Reward,Is Training
20000,3.3990736,-0.25508618,-0.50448734,79.8,-1.8781004955725342,-1.8781004955725342,0.0,1.0
40000,3.390798,-0.16953999,-0.5139612,61.942424242424245,-1.9081492408952856,-1.9081492408952856,10.078079041588792,1.0
60000,3.3893678,-0.07773818,0.123272546,98.7989417989418,-1.848162423665007,-1.848162423665007,9.853514206255712,1.0
80000,3.3789427,-0.23044956,0.4617654,115.24731182795699,-1.8140897781347796,-1.8140897781347796,5.069568844812531,1.0
100000,3.376443,-0.17822768,0.83670586,87.16666666666667,-1.9096460469463317,-1.9096460469463317,2.7865771645304274,1.0
120000,3.3799844,-0.38863626,0.9799202,99.12,-1.9011419897788437,-1.9011419897788437,2.2666733458591626,1.0
140000,3.376931,-0.3640495,1.1962134,99.99509803921569,-1.8795872527661428,-1.8795872527661428,2.454564814839293,1.0
160000,3.372365,-0.46087164,1.2460074,86.82710280373831,-1.8050253434339538,-1.8050253434339538,1.4370895995924626,1.0
180000,3.3770525,-0.50120777,1.2316351,87.28095238095239,-1.878254020380814,-1.878254020380814,1.156206286878665,1.0
200000,3.3741484,-0.5734707,1.2403375,86.992,-1.9381035905163735,-1.9381035905163735,0.9416822385992855,1.0
220000,3.3757012,-0.6956556,1.1973397,72.55555555555556,-1.9506099905272445,-1.9506099905272445,0.6106548036188961,1.0
240000,3.3706076,-0.68801546,1.130355,151.48031496062993,-1.7569125945928257,-1.7569125945928257,1.1443353192019092,1.0
260000,3.3720562,-0.53447795,1.121286,228.96341463414635,-1.6493662647785148,-1.6493662647785148,1.5042875296666276,1.0
280000,3.3662815,-0.5274243,1.139496,158.4360902255639,-1.701024051691332,-1.701024051691332,1.0033838097478747,1.0
300000,3.3406563,-0.48771176,1.1237323,351.2641509433962,-1.5030943212244343,-1.5030943212244343,2.385709998795306,1.0
320000,3.3426082,-0.47221845,1.2448717,161.296875,-1.8193624942041424,-1.8193624942041424,1.0501525051167846,1.0
340000,3.3365183,-0.44894487,1.1263913,255.39743589743588,-1.6126217943241592,-1.6126217943241592,1.3335322966882721,1.0
360000,3.3349812,-0.5307255,1.0102694,272.6119402985075,-1.6297850557394438,-1.6297850557394438,1.2271969897338926,1.0
380000,3.3312724,-0.5192365,1.0183822,278.1081081081081,-1.6386972976167296,-1.6386972976167296,1.106878128522579,1.0
400000,3.3369136,-0.44064862,0.89186126,257.36046511627904,-1.6061895283583423,-1.6061895283583423,0.9367587038229198,1.0
420000,3.347638,-0.3432762,0.8693182,378.40425531914894,-1.410142547916621,-1.410142547916621,1.0215511621629938,1.0
440000,3.3401444,-0.2871824,0.67427707,553.4615384615385,-1.0379307621594471,-1.0379307621594471,1.4788785409659913,1.0
460000,3.3331149,-0.33841237,0.6817991,366.81481481481484,-1.375012701576237,-1.375012701576237,0.7767739667768844,1.0
480000,3.3336682,-0.1886605,0.54672015,827.0434782608696,-0.5475260793767951,-0.5475260793767951,1.747098918295587,1.0
500000,3.3240807,-0.12075379,0.47416607,999.0,-0.16116314987946107,-0.16116314987946107,1.627178901120236,1.0
520000,3.3398242,-0.1169275,0.4071303,819.5185185185185,-0.6922666687406255,-0.6922666687406255,1.523877827157439,1.0
540000,3.343223,-0.10415505,0.39295828,999.0,-0.22416110416331017,-0.22416110416331017,1.7727447131441698,1.0
560000,3.3484101,-0.08737462,0.36499512,775.56,-0.595267989106942,-0.595267989106942,1.4233436709269882,1.0
580000,3.3435178,-0.1371839,0.34974512,349.758064516129,-1.4075435400647562,-1.4075435400647562,0.6189315773832101,1.0
600000,3.3442779,-0.08611758,0.30971077,772.7307692307693,-0.6445115335384168,-0.6445115335384168,1.3637018125199785,1.0
620000,3.3414664,-0.09825197,0.30225533,783.2173913043479,-0.6506217310632801,-0.6506217310632801,1.4021800916196536,1.0
640000,3.348646,-0.078602426,0.28102568,999.0,-0.20257825064776547,-0.20257825064776547,2.0607818319745688,1.0
660000,3.3229084,-0.053522937,0.26505166,982.2631578947369,-0.3195315731450376,-0.3195315731450376,2.208506033216652,1.0
680000,3.3270025,-0.089605376,0.28867233,808.5652173913044,-0.5163565208280013,-0.5163565208280013,2.136514888934629,1.0
700000,3.2922583,-0.116838,0.28280842,573.8461538461538,-0.8595769128371149,-0.8595769128371149,1.8981986496215448,1.0
720000,3.2919178,-0.113501795,0.2779984,769.2692307692307,-0.5901319997617975,-0.5901319997617975,1.9643884398043157,1.0
740000,3.2964935,-0.12479972,0.28834015,587.8965517241379,-0.9462499942203674,-0.9462499942203674,1.2733244844712317,1.0
760000,3.2991571,-0.04636677,0.27675554,964.4166666666666,-0.14124999324364276,-0.14124999324364276,2.316184644897779,1.0
780000,3.2870953,-0.043706667,0.27560958,757.92,-0.5144799900939688,-0.5144799900939688,2.2989131835103036,1.0
800000,3.3006294,-0.07512402,0.26797745,743.3461538461538,-0.728288464436236,-0.728288464436236,2.207753633417619,1.0
820000,3.265504,-0.047568537,0.26659355,999.0,-0.08845499558956363,-0.08845499558956363,3.3827992603182793,1.0
840000,3.261226,-0.07186741,0.2996918,809.0,-0.4110319876577705,-0.4110319876577705,3.717406475245953,1.0
860000,3.2622778,-0.09546817,0.3427956,325.80645161290323,-1.3741048355845007,-1.3741048355845007,1.7242608262120835,1.0
880000,3.2602413,-0.051619027,0.36274,636.5862068965517,-0.8371758631446624,-0.8371758631446624,3.0122158884167156,1.0
900000,3.2487621,-0.05926042,0.33703506,848.96,-0.2593519831914455,-0.2593519831914455,4.148224136941135,1.0
920000,3.2557983,-0.062147677,0.40255013,999.0,-0.18466499211499468,-0.18466499211499468,6.649892924726009,1.0
940000,3.2456682,-0.0806125,0.40746048,865.7619047619048,-0.4813952282725257,-0.4813952282725257,4.666530478834396,1.0
960000,3.201854,-0.061099503,0.41870576,674.0588235294117,-0.6782529442220145,-0.6782529442220145,4.511962363058153,1.0
980000,3.1800349,-0.06185256,0.51783085,611.0333333333333,-0.7938533253036439,-0.7938533253036439,4.66064241573525,1.0
1000000,3.1585937,-0.027262188,0.5380756,715.2962962962963,-0.12063332675542268,-0.12063332675542268,5.022278886357391,1.0
1020000,3.1414957,-0.043971732,0.6086759,886.3333333333334,-0.11123749313992448,-0.11123749313992448,6.238624506940444,1.0
1040000,3.0944357,-0.039727047,0.5813781,874.8695652173913,0.23927826266837024,0.23927826266837024,5.914309071457905,1.0
1060000,3.074432,-0.045207053,0.6563003,767.074074074074,-0.10912961572951947,-0.10912961572951947,6.1674974860140575,1.0
1080000,3.0079975,-0.038335856,0.71888334,654.3793103448276,-0.19501723334241403,-0.19501723334241403,4.797014106964243,1.0
1100000,2.9334993,-0.014437807,0.68233216,627.9722222222222,-0.7994111177944837,-0.7994111177944837,4.402976568167408,1.0
1120000,2.9360714,-0.036621694,0.709164,408.275,-0.9814500101361773,-0.9814500101361773,3.2963626596028917,1.0
1140000,2.9703977,-0.015849205,0.7495436,854.1304347826087,0.26937392896102014,0.26937392896102014,6.206387215334436,1.0
1160000,2.9147017,0.0071399603,0.7032982,716.5666666666667,-0.22820331927311296,-0.22820331927311296,4.997116564773023,1.0
1180000,2.905566,-0.028626783,0.74058926,827.1818181818181,0.19914091610222717,0.19914091610222717,5.9463957243345,1.0
1200000,2.8393445,0.0013659741,0.7308059,599.5675675675676,-0.11236215486486971,-0.11236215486486971,4.402595741674304,1.0
1220000,2.8225193,-0.039090168,0.7034054,451.15909090909093,-0.926686364040837,-0.926686364040837,3.5769039517776533,1.0
1240000,2.8347926,-0.01721831,0.73400944,639.3103448275862,-0.603213781947551,-0.603213781947551,4.396954872934469,1.0
1260000,2.802071,-0.02965675,0.7093208,715.0689655172414,0.14211380258122266,0.14211380258122266,4.390274931965717,1.0
1280000,2.778327,-0.006016889,0.71474224,778.1851851851852,0.10185199771309271,0.10185199771309271,4.364495008476078,1.0
1300000,2.7412908,-0.03824113,0.69854623,516.775,-0.8298179538075764,-0.8298179538075764,3.2297362876005278,1.0
1320000,2.7331645,-0.051787306,0.6823816,494.825,-0.5603926695653283,-0.5603926695653283,2.7732563746139043,1.0
1340000,2.738416,0.0039957846,0.6883814,625.3125,0.24515000289829914,0.24515000289829914,3.8316725376062095,1.0
1360000,2.723205,0.0024332325,0.6380576,753.08,-0.10399228717478064,-0.10399228717478064,3.8604311355604577,1.0
1380000,2.7137516,-0.0039776186,0.63396776,582.7096774193549,-0.5241093684653606,-0.5241093684653606,3.5505280662036967,1.0
1400000,2.685165,-0.03498018,0.65256846,778.44,-0.46227199205197395,-0.46227199205197395,4.378955731913448,1.0
1420000,2.6704974,-0.013161963,0.5987838,666.4117647058823,-0.049070587742950436,-0.049070587742950436,3.6438620163209956,1.0
1440000,2.6822276,-0.022262713,0.64183265,755.84,-0.0865125002807569,-0.0865125002807569,4.387630484998226,1.0
1460000,2.6165082,-0.01858793,0.5930846,624.6470588235294,-0.5588857080155452,-0.5588857080155452,3.3289146935833354,1.0
1480000,2.6411731,0.0073797232,0.61660796,607.5454545454545,0.07844241932704762,0.07844241932704762,3.558046041733839,1.0
1500000,2.6340044,-0.026047096,0.62155586,798.28,-0.11133330925076734,-0.11133330925076734,4.7139489358911915,1.0
1520000,2.5531218,-0.014520174,0.6113171,777.0869565217391,0.13300416627316736,0.13300416627316736,4.366479920223355,1.0
1540000,2.5868645,-0.019633217,0.62111974,823.44,0.12031599689740688,0.12031599689740688,4.849457051753998,1.0
1560000,2.521895,0.018125648,0.63729894,477.0232558139535,-0.7836999918190698,-0.7836999918190698,3.0168227970513493,1.0
1580000,2.5630467,0.02578118,0.6164342,652.9032258064516,0.29779031738965595,0.29779031738965595,3.327916530351485,1.0
1600000,2.5204084,0.015027465,0.628761,700.1428571428571,0.4495407578242184,0.4495407578242184,3.846764031659674,1.0
1620000,2.5164535,0.05831438,0.6475532,603.5142857142857,0.004163897504137519,0.004163897504137519,3.525114412393628,1.0
1640000,2.5402966,0.05489339,0.6382069,656.5,0.2514133465437529,0.2514133465437529,3.844888840134566,1.0
1660000,2.5523534,0.030716594,0.6346231,798.0416666666666,0.29230416467180476,0.29230416467180476,4.154459361452609,1.0
1680000,2.5187345,0.03007654,0.63781357,510.0,-0.47317249927145894,-0.47317249927145894,2.936046187381726,1.0
1700000,2.4978914,0.0040633623,0.6389954,370.7037037037037,-1.1400654494624838,-1.1400654494624838,2.181364471511915,1.0
1720000,2.5618894,0.045769457,0.6022214,608.0,0.7458718612724624,0.7458718612724624,3.0615573519608006,1.0
1740000,2.559802,0.017239196,0.6057708,472.3243243243243,-0.3305432362264853,-0.3305432362264853,2.484734171145671,1.0
1760000,2.4799745,0.016344719,0.5790862,638.4102564102565,0.026036834010339686,0.026036834010339686,3.482682698455296,1.0
1780000,2.4813395,0.009004491,0.5990961,372.3673469387755,-0.30256000357447194,-0.30256000357447194,1.9193192996550352,1.0
1800000,2.4998627,0.041080505,0.5888048,438.1458333333333,-0.03431667146166243,-0.03431667146166243,2.264486335213102,1.0
1820000,2.5725617,0.06356225,0.57785535,618.6206896551724,0.4982034444230898,0.4982034444230898,3.4284262230041724,1.0
1840000,2.575722,-0.0016596451,0.6063898,341.10526315789474,-0.2928455982157111,-0.2928455982157111,1.7222874002090018,1.0
1860000,2.536217,0.02744159,0.62037843,278.0138888888889,-0.2428291725930952,-0.2428291725930952,1.390757969709941,1.0
1880000,2.5528474,0.07540972,0.58736664,380.69642857142856,-0.0739678578985539,-0.0739678578985539,1.8020430927572306,1.0
1900000,2.5535624,-0.105851986,0.5958284,207.96666666666667,-1.1714833275925938,-1.1714833275925938,1.0226320622126674,1.0
1920000,2.5832584,-0.06733035,0.610777,235.76288659793815,-0.7876309306005534,-0.7876309306005534,1.1106147830177713,1.0
1940000,2.6095386,-0.23304312,0.61022395,118.76923076923077,-1.529780982319646,-1.529780982319646,0.5699460978224599,1.0
1960000,2.6307507,-0.39908403,0.61897856,90.13333333333334,-1.4967272653242512,-1.4967272653242512,0.4130267909168043,1.0
1980000,2.5830138,-0.3773577,0.57329637,140.7463768115942,-1.3075811558823183,-1.3075811558823183,0.6520122244171258,1.0
2000000,2.6095657,-0.42956412,0.54857194,157.64566929133858,-1.4928634873705007,-1.4928634873705007,0.6927523665778738,1.0
2020000,2.5979657,-0.5268357,0.5487938,151.3955223880597,-1.3780362850486267,-1.3780362850486267,0.6983797401741699,1.0
2040000,2.6163065,-0.30312595,0.5280221,285.25757575757575,-1.1722575721708408,-1.1722575721708408,1.3774411026388407,1.0
2060000,2.5871837,-0.18721339,0.5438028,304.5507246376812,-0.5167884013532877,-0.5167884013532877,1.4643399823875423,1.0
2080000,2.5830934,-0.023762267,0.52053875,453.4871794871795,-0.38065128762928696,-0.38065128762928696,2.18304379695716,1.0
2100000,2.536616,-0.015541116,0.5388157,398.72549019607845,-0.31339214947165955,-0.31339214947165955,2.041694289374658,1.0
2120000,2.445134,0.11102302,0.52934754,430.44897959183675,0.3544428551008887,0.3544428551008887,2.1958337258262444,1.0
2140000,2.44326,0.15605272,0.53202987,437.6744186046512,0.5074418842424314,0.5074418842424314,2.0351347730624987,1.0
2160000,2.422733,0.17028843,0.5264369,400.01960784313724,0.6641823563076482,0.6641823563076482,1.9642142577681179,1.0
2180000,2.39861,0.09866206,0.52440095,580.2941176470588,0.14269143087024402,0.14269143087024402,2.814936995532896,1.0
2200000,2.409875,0.22542278,0.5233829,449.86046511627904,0.7777604591101408,0.7777604591101408,2.063234448043066,1.0
2220000,2.4580739,0.18620427,0.52581084,500.85,1.0395825174782658,1.0395825174782658,2.388780270330608,1.0
2240000,2.4133422,0.15585141,0.5027958,534.8947368421053,0.40705527644604445,0.40705527644604445,2.4885546391535747,1.0
2260000,2.3685048,0.21325624,0.5031352,459.72727272727275,0.6804477430705447,0.6804477430705447,2.1049016637156126,1.0
2280000,2.3791494,0.16113038,0.48973456,531.5714285714286,0.8788171478688517,0.8788171478688517,2.130576222070626,1.0
2300000,2.375703,0.16375153,0.48425505,504.8333333333333,0.8104428460771617,0.8104428460771617,2.2233241098445085,1.0
2320000,2.3716106,0.21468037,0.48536992,495.6341463414634,0.9507268345453379,0.9507268345453379,2.2198379088829205,1.0
2340000,2.2653978,0.31124666,0.49389365,448.6521739130435,1.2726260904075943,1.2726260904075943,2.152997119595175,1.0
2360000,2.3264508,0.19409147,0.480301,502.1081081081081,1.1237527820727944,1.1237527820727944,2.3149695529136807,1.0
2380000,2.3095462,0.24314575,0.49404144,453.4347826086956,0.9227531943841778,0.9227531943841778,2.1030757109376976,1.0
2400000,2.2793465,0.30788094,0.5098337,320.3,0.5953266565940187,0.5953266565940187,1.4698620260693134,1.0
2420000,2.3082669,0.20650657,0.49945626,380.7843137254902,0.5280451089892463,0.5280451089892463,1.6931413592880262,1.0
2440000,2.2855003,0.2891081,0.5040453,365.31481481481484,1.214257404118716,1.214257404118716,1.6200863944142367,1.0
2460000,2.2215226,0.32540026,0.50400394,428.75471698113205,1.0034735911714687,1.0034735911714687,1.9702196654529784,1.0
2480000,2.237772,0.38933948,0.5218607,333.5238095238095,1.104449195403879,1.104449195403879,1.52786213413827,1.0
2500000,2.264797,0.28719875,0.5142895,347.38,0.7386204204471587,0.7386204204471587,1.7042397181503475,1.0
2520000,2.270845,0.3403915,0.5230635,349.6,1.004237520362949,1.004237520362949,1.6085863907688431,1.0
2540000,2.412564,0.23632626,0.5157844,599.125,0.7265937543670589,0.7265937543670589,2.7697971230372787,1.0
2560000,2.4079483,0.29350662,0.54326767,364.6190476190476,0.7977714333406073,0.7977714333406073,1.7378339777951912,1.0
2580000,2.3618486,0.34065878,0.54426265,463.1219512195122,1.3654804851025024,1.3654804851025024,2.098164241579248,1.0
2600000,2.2626488,0.38543642,0.52935666,403.4255319148936,1.2469674012125167,1.2469674012125167,1.8011893775192616,1.0
2620000,2.2446346,0.34004113,0.51896995,458.3333333333333,0.9597413198903466,0.9597413198903466,2.0471808338618795,1.0
2640000,2.2657115,0.39544815,0.5395632,354.9019607843137,1.378223531751656,1.378223531751656,1.511542446363498,1.0
2660000,2.2631621,0.293832,0.5252329,355.2758620689655,0.7207737705244713,0.7207737705244713,1.7462514117283776,1.0
2680000,2.217376,0.35221478,0.5358431,339.03389830508473,1.0376362059644728,1.0376362059644728,1.5894797179398352,1.0
2700000,2.2345443,0.31614432,0.5281565,303.4193548387097,0.8928587223492778,0.8928587223492778,1.3490379381451816,1.0
2720000,2.2596407,0.359581,0.545689,374.25,1.1784211510519247,1.1784211510519247,1.6455307431841413,1.0
2740000,2.195241,0.45255628,0.55720836,308.64383561643837,1.3403849513995563,1.3403849513995563,1.3962832869936341,1.0
2760000,2.2395594,0.34559602,0.5416064,313.2830188679245,0.8608773672340421,0.8608773672340421,1.3409555443246268,1.0
2780000,2.1975088,0.4257498,0.5440731,325.1060606060606,1.041292319664857,1.041292319664857,1.4208681610341256,1.0
2800000,2.2388406,0.4311839,0.55697036,296.6619718309859,1.1625194452636707,1.1625194452636707,1.340907867713314,1.0
2820000,2.246934,0.31978524,0.5045967,316.76190476190476,0.8325095283457019,0.8325095283457019,1.3377995161147462,1.0
2840000,2.2724423,0.44192287,0.5523211,263.9868421052632,0.37888026978256867,0.37888026978256867,1.1922216251382212,1.0
2860000,2.276289,0.35949174,0.5536478,260.43243243243245,0.5372657499583885,0.5372657499583885,1.2495217323271328,1.0
2880000,2.3507485,0.3064794,0.5569813,253.39473684210526,0.1315077889465739,0.1315077889465739,1.2396320521154187,1.0
2900000,2.2762554,0.41415644,0.5818522,223.5979381443299,0.3446443437078977,0.3446443437078977,0.9977644061424875,1.0
2920000,2.2724714,0.38805225,0.5693589,282.48571428571427,0.723008567000839,0.723008567000839,1.2564792628533075,1.0
2940000,2.233149,0.3447287,0.57191616,251.22784810126583,0.4159683665832434,0.4159683665832434,1.1109688057080855,1.0
2960000,2.2824762,0.31913126,0.5685554,266.80263157894734,0.6793973321545248,0.6793973321545248,1.1340361303494622,1.0
2980000,2.1447597,0.48302752,0.58104646,197.85294117647058,0.8200252531915767,0.8200252531915767,0.8433655803046615,1.0
3000000,2.1806226,0.29177868,0.5652561,230.83116883116884,0.2786220894225377,0.2786220894225377,0.9485715578443238,1.0
3020000,2.1968787,0.3577048,0.5725258,263.3780487804878,1.0093308656324091,1.0093308656324091,1.129317133411489,1.0
3040000,2.141832,0.50233835,0.60347533,199.26923076923077,0.9076504852434265,0.9076504852434265,0.8430142000073656,1.0
3060000,2.1677847,0.34689727,0.5688171,222.2405063291139,0.6478341735576727,0.6478341735576727,0.9391763364907967,1.0
3080000,2.1514854,0.41910732,0.5771744,276.53164556962025,0.9635769211245366,0.9635769211245366,1.1151412835774512,1.0
3100000,2.1484723,0.32129955,0.5841784,206.1734693877551,0.3743131395383512,0.3743131395383512,0.8741573920906193,1.0
3120000,2.1389065,0.2802263,0.5682246,196.65625,0.2896302166464011,0.2896302166464011,0.8332555759407114,1.0
3140000,2.1462433,0.26556942,0.57141566,247.41772151898735,0.32133291959114185,0.32133291959114185,1.0994347305202126,1.0
3160000,2.1790695,0.2125097,0.5641933,249.42307692307693,0.08363205339320792,0.08363205339320792,1.0385459596529985,1.0
3180000,2.1808252,0.3808238,0.59413403,221.67816091954023,0.831676748514901,0.831676748514901,0.9822614704432009,1.0
3200000,2.2851722,0.2985447,0.586082,321.93333333333334,0.9450262435826428,0.9450262435826428,1.4586941900311923,1.0
3220000,2.2388856,0.33331153,0.58773863,246.8021978021978,0.5772800060073172,0.5772800060073172,1.0541822825299783,1.0
3240000,2.1695395,0.29956672,0.5857919,224.24418604651163,0.5833276058493675,0.5833276058493675,0.9775450144059442,1.0
3260000,2.1839077,0.3495954,0.5995085,281.7164179104478,1.2778791085818657,1.2778791085818657,1.2456805803882542,1.0
3280000,2.154969,0.44142815,0.6055807,287.4,1.1635480108193588,1.1635480108193588,1.2040602994461855,1.0
3300000,2.154012,0.4531441,0.6420484,245.54054054054055,0.8078213454976988,0.8078213454976988,1.0507342480619748,1.0
3320000,2.1508398,0.38537988,0.670872,242.51724137931035,0.367765907911896,0.367765907911896,1.0739579258740626,1.0
3340000,2.2034154,0.36564636,0.69265807,255.6341463414634,0.7467000044324356,0.7467000044324356,1.0679531158288804,1.0
3360000,2.1888273,0.2955158,0.6688485,289.2608695652174,0.6449826117448907,0.6449826117448907,1.271459179930389,1.0
3380000,2.1739817,0.3529347,0.80076325,212.35802469135803,0.28443126002093777,0.28443126002093777,0.9577040391013725,1.0
3400000,2.1510625,0.32600138,0.7883685,243.41176470588235,0.5591395377248477,0.5591395377248477,1.0284791235476298,1.0
3420000,2.1340516,0.30510166,0.75359076,335.36507936507934,0.7574714385670617,0.7574714385670617,1.343155393073897,1.0
3440000,2.215864,0.39189,0.8248312,235.25675675675674,1.0129386700200849,1.0129386700200849,1.0087779386838278,1.0
3460000,2.2383924,0.3389154,0.9020884,244.30588235294118,0.25518117675982305,0.25518117675982305,1.1262873168870369,1.0
3480000,2.1838357,0.22732674,0.88518476,259.10843373493975,0.07013976495539073,0.07013976495539073,1.1550689824991467,1.0
3500000,2.2085865,0.28910765,1.0736104,183.1764705882353,-0.0029990182391723946,-0.0029990182391723946,0.7865051640991998,1.0
3520000,2.2721384,0.350433,1.0396492,278.27272727272725,0.5404407919999549,0.5404407919999549,1.1071092396312834,1.0
3540000,2.2418783,0.20873828,1.0589207,219.6867469879518,0.12664337387218713,0.12664337387218713,0.9481789200476943,1.0
3560000,2.2918782,0.32090905,1.0848628,292.6666666666667,0.8932369902725203,0.8932369902725203,1.1704848048545113,1.0
3580000,2.2802262,0.1954345,1.0553358,300.125,0.36065313258768583,0.36065313258768583,1.1814571843060548,1.0
3600000,2.2694654,0.3162923,1.265345,242.80722891566265,0.6982722947414661,0.6982722947414661,0.967974207041426,1.0
3620000,2.239186,0.21036643,1.4157506,216.96875,0.05065463089501754,0.05065463089501754,0.9095098645901596,1.0
3640000,2.3004565,0.36497107,1.5341988,187.32038834951456,0.242831067229594,0.242831067229594,0.7586233464761375,1.0
3660000,2.2231882,0.50595677,1.7258348,211.50526315789475,1.0297947588560514,1.0297947588560514,0.8002735893879281,1.0
3680000,2.3783357,0.14000507,1.7070625,171.77391304347827,0.07198965439125334,0.07198965439125334,0.7058554699038284,1.0
3700000,2.3067076,0.28757483,1.5862563,214.82978723404256,0.31619141762012176,0.31619141762012176,0.8987742862714234,1.0
3720000,2.2469816,0.44549686,2.0703645,181.73873873873873,0.7266814102948256,0.7266814102948256,0.7098637600676609,1.0
3740000,2.3282642,0.46586865,2.1808145,177.14912280701753,0.6565736843538041,0.6565736843538041,0.7196154370903969,1.0
3760000,2.342933,0.39435908,2.1372395,170.67768595041323,0.4027016719686799,0.4027016719686799,0.7303842002603536,1.0
3780000,2.2234864,0.39483702,2.5905912,144.66666666666666,0.4947146126395987,0.4947146126395987,0.5394163357702872,1.0
3800000,2.3188927,0.39965624,2.6844409,153.68217054263565,0.38679689317923616,0.38679689317923616,0.6372514637872981,1.0
3820000,2.3447156,0.24786879,2.5657053,127.93835616438356,-0.012444210468021659,-0.012444210468021659,0.49821452706177927,1.0
3840000,2.198844,0.24670027,2.6829488,128.9182389937107,-0.013794966133929344,-0.013794966133929344,0.5014258942203654,1.0
3860000,2.2997904,0.2859426,2.9709356,154.74809160305344,0.20857076846206418,0.20857076846206418,0.6304277672763698,1.0
3880000,2.28422,0.35101667,3.473683,152.46969696969697,0.4362977478597173,0.4362977478597173,0.5715238201305887,1.0
3900000,2.3084385,0.38431248,3.4650652,171.27350427350427,0.8367698188441612,0.8367698188441612,0.6407274033448755,1.0
3920000,2.3135564,0.46731263,3.8339725,155.19402985074626,0.7052777857597297,0.7052777857597297,0.6551930735353381,1.0
3940000,2.1899338,0.34965515,3.7962945,111.6875,0.2634320748843979,0.2634320748843979,0.510675498312222,1.0
3960000,2.1647208,0.43133673,4.024754,116.05494505494505,0.16107378291256239,0.16107378291256239,0.48723088749913407,1.0
3980000,2.1853886,0.470812,4.691606,121.67484662576688,0.44437658299450306,0.44437658299450306,0.4833531253116465,1.0
4000000,2.1730459,0.5214658,4.5304265,138.04255319148936,0.822828360095641,0.822828360095641,0.5491013351146743,1.0
4020000,2.0512178,0.6175157,5.067596,129.61676646706587,0.7520647100354407,0.7520647100354407,0.47773254729177367,1.0
4040000,2.1571956,0.5951115,5.65412,131.49253731343285,0.9694874101359938,0.9694874101359938,0.5299840723799373,1.0
4060000,2.2458353,0.39473954,5.306526,118.82941176470588,0.17902353252832065,0.17902353252832065,0.4985206144848181,1.0
4080000,2.2109668,0.5669281,5.740078,135.38,0.8058133339975029,0.8058133339975029,0.5092165052331984,1.0
4100000,2.1837962,0.6100322,6.3928785,104.26344086021506,0.44611452215962033,0.44611452215962033,0.41464252088729653,1.0
4120000,2.2404032,0.5260123,6.4526806,109.75824175824175,0.3620967108514518,0.3620967108514518,0.46168552066588386,1.0
4140000,2.1087337,0.49660572,6.3447366,116.66459627329192,0.5865586420512516,0.5865586420512516,0.45334358965219174,1.0
4160000,2.0692818,0.68230003,7.268753,119.86285714285714,0.6785760055808351,0.6785760055808351,0.5010720596389313,1.0
4180000,2.0538723,0.67651165,7.5391316,101.04712041884817,0.732426714679319,0.732426714679319,0.41473762804510667,1.0
4200000,2.0352447,0.52783585,6.9419446,93.59624413145539,0.2947401948002272,0.2947401948002272,0.3924530113946046,1.0
4220000,2.1360607,0.6357828,7.938795,127.2439024390244,0.8944693282260874,0.8944693282260874,0.511625236400226,1.0
4240000,2.095613,0.48350102,7.8191123,90.70616113744076,0.21375687129605755,0.21375687129605755,0.38580999839432994,1.0
4260000,2.0637596,0.32972878,7.7613235,90.79452054794521,0.002601826920165557,0.002601826920165557,0.37807878674662854,1.0
4280000,2.130473,0.387974,7.733129,123.49333333333334,0.5600768331278714,0.5600768331278714,0.5688044889236412,1.0
4300000,2.0694957,0.419289,8.549136,108.84864864864865,0.40483315948665183,0.40483315948665183,0.4419459634847716,1.0
4320000,2.1344798,0.35820502,8.143564,96.31018518518519,0.09304930914240601,0.09304930914240601,0.3959871484009626,1.0
4340000,1.9838381,0.33464146,8.320751,91.31428571428572,-0.15857714006255957,-0.15857714006255957,0.3647285788841102,1.0
4360000,1.9730904,0.6043888,9.389282,101.61170212765957,0.6742963301244584,0.6742963301244584,0.3804750359843877,1.0
4380000,1.9656988,0.48387533,9.411103,122.59146341463415,0.8555219555699561,0.8555219555699561,0.4436763125165116,1.0
4400000,1.9722458,0.45892137,10.246489,106.53513513513514,0.32057352115878385,0.32057352115878385,0.389242418999532,1.0
4420000,1.8667883,0.39041078,9.127139,119.828025477707,0.3572525712594282,0.3572525712594282,0.4490092928791478,1.0
4440000,2.031944,0.39707378,10.1944275,126.06285714285714,0.3236605686720993,0.3236605686720993,0.4625055745809472,1.0
4460000,1.9833623,0.38097608,9.5058975,108.79213483146067,0.28868821484502405,0.28868821484502405,0.42479999471989494,1.0
4480000,1.8922617,0.40777397,10.759072,113.24725274725274,0.38625880285002456,0.38625880285002456,0.42390984201619586,1.0
4500000,1.9496263,0.50117874,11.803372,102.44692737430168,0.6073655597419323,0.6073655597419323,0.41341806901489486,1.0
4520000,1.9702044,0.46322072,11.459063,109.50769230769231,0.33916649648250013,0.33916649648250013,0.4295604666208935,1.0
4540000,2.0168774,0.548864,11.776546,109.25595238095238,0.5842300064283121,0.5842300064283121,0.41776463173548967,1.0
4560000,1.9936099,0.61881256,13.013264,113.30555555555556,0.9139614608649336,0.9139614608649336,0.43557306833294684,1.0
4580000,1.8612181,0.5001249,12.067741,107.06557377049181,0.5524663123518543,0.5524663123518543,0.40791717812143086,1.0
4600000,1.9989798,0.7108352,14.7778845,115.562874251497,1.1481910236514437,1.1481910236514437,0.4339692791704992,1.0
4620000,2.0345762,0.70414484,14.152756,111.90860215053763,0.9276000177096551,0.9276000177096551,0.43340476898486496,1.0
4640000,2.143593,0.7112241,15.57234,127.3907284768212,1.1588953610236714,1.1588953610236714,0.4678494505035315,1.0
4660000,2.0613036,0.6677018,14.868035,119.5125,0.9917475010613999,0.9917475010613999,0.43911031403695233,1.0
4680000,2.0797117,0.5783824,14.647195,112.49411764705883,0.8311858151394588,0.8311858151394588,0.41213036822113785,1.0
4700000,2.1025352,0.75577986,16.871468,147.33793103448275,1.3504013733520517,1.3504013733520517,0.5588444211099246,1.0
4720000,2.204811,0.6485538,14.908502,130.62773722627736,1.1354605814613687,1.1354605814613687,0.4958097905330156,1.0
4740000,2.011075,0.55226636,15.220071,126.04878048780488,0.6021725682363556,0.6021725682363556,0.518876916459171,1.0
4760000,2.054121,0.7328304,17.798399,130.80794701986756,1.3622346793487667,1.3622346793487667,0.493392529686292,1.0
4780000,2.108451,0.6449318,16.418045,124.6441717791411,0.8048184164785466,0.8048184164785466,0.5101881364761834,1.0
4800000,1.8921359,0.58493465,17.394075,122.92655367231639,0.7389209154315193,0.7389209154315193,0.498125762620804,1.0
4820000,1.856589,0.5305558,18.86656,92.04522613065326,0.43506884497260423,0.43506884497260423,0.3541738867956265,1.0
4840000,1.9209174,0.4269038,16.838665,117.6832298136646,0.5886993810754293,0.5886993810754293,0.44573167808533226,1.0
4860000,1.825191,0.4704159,19.047918,115.35263157894737,0.4956773751556236,0.4956773751556236,0.42450521732312874,1.0
4880000,1.7915026,0.09420914,15.91676,74.48249027237354,-0.4169069990467693,-0.4169069990467693,0.2965255496128379,1.0
4900000,1.8286605,0.21646357,19.411705,78.71084337349397,0.049240161542290724,0.049240161542290724,0.30802593568066905,1.0
4920000,1.797237,-0.054343052,16.537085,77.5275590551181,-0.6315713713345045,-0.6315713713345045,0.3018925420529045,1.0
4940000,1.6347114,-0.2903149,14.982261,69.08469055374593,-0.8577568616991592,-0.8577568616991592,0.26307084117300833,1.0
4960000,1.7497408,-0.26539624,16.620209,65.5925925925926,-0.6814308695709208,-0.6814308695709208,0.2524791588680975,1.0
4980000,1.7699368,-0.4989004,15.1989,61.82165605095541,-0.935194900095875,-0.935194900095875,0.2546018509481215,1.0
5000000,1.7878934,-0.51084775,15.911579,57.79827089337176,-0.8881755043435117,-0.8881755043435117,0.22950330358542104,1.0
5020000,1.7568516,-0.1903317,19.672958,75.08474576271186,-0.22613728854615808,-0.22613728854615808,0.27668103511283426,1.0
5040000,1.6613488,-0.22322114,20.229862,70.87456445993031,-0.4729926835628752,-0.4729926835628752,0.27970231278882224,1.0
5060000,1.7735877,-0.35039973,18.543604,69.31118881118881,-0.6483653799274128,-0.6483653799274128,0.27029410408365284,1.0
5080000,1.626875,-0.1638697,22.906996,78.04347826086956,-0.2912287368044059,-0.2912287368044059,0.29116357998156145,1.0
5100000,1.8652935,-0.2889983,19.58653,67.37820512820512,-0.7144288366308991,-0.7144288366308991,0.2661281647630788,1.0
5120000,1.8249139,-0.27962726,22.825205,52.72372372372372,-0.6122946252610271,-0.6122946252610271,0.19176182619629623,1.0
5140000,1.8008871,-0.2969854,21.047445,61.07453416149068,-0.7520632404707824,-0.7520632404707824,0.21827654438448715,1.0
5160000,1.7147713,-0.3045221,22.612692,64.07142857142857,-0.6454114913095333,-0.6454114913095333,0.22092206476851706,1.0
5180000,1.7468455,-0.25473648,23.545061,65.97394136807817,-0.6508231203595831,-0.6508231203595831,0.24291952034224928,1.0
5200000,1.7774842,-0.42402104,20.468382,53.43843843843844,-0.983528053862001,-0.983528053862001,0.20358640416594806,1.0
5220000,1.7551632,-0.33959994,23.453438,67.41846153846154,-0.6746864206830246,-0.6746864206830246,0.23233425834167312,1.0
5240000,1.6891102,-0.21612681,27.397345,66.21851851851852,-0.36655866269948395,-0.36655866269948395,0.2275482781911853,1.0
5260000,1.908883,-0.37441948,22.604729,62.29325513196481,-1.0136023469923257,-1.0136023469923257,0.2128489027994767,1.0
5280000,1.8253957,0.008313691,34.0403,81.72268907563026,0.0043340364139441,0.0043340364139441,0.28437539963677777,1.0
5300000,1.9355978,-0.32558206,23.97876,71.49640287769785,-0.8031413574501405,-0.8031413574501405,0.2562755392391148,1.0
5320000,1.9327486,-0.21963026,27.636045,80.63111111111111,-0.48826829740807753,-0.48826829740807753,0.279549443329805,1.0
5340000,1.984138,-0.17792891,28.4792,80.93548387096774,-0.5078657207344687,-0.5078657207344687,0.2707146849988344,1.0
5360000,1.8678781,-0.20349762,27.818449,77.60606060606061,-0.5443919140010481,-0.5443919140010481,0.2642353428012799,1.0
5380000,1.9574176,-0.21483411,28.631033,75.41328413284133,-0.5959250923281999,-0.5959250923281999,0.2613815577459936,1.0
5400000,2.0593338,-0.23886633,29.349392,68.49645390070921,-0.5772999943846738,-0.5772999943846738,0.22659667745240752,1.0
5420000,2.067286,-0.01997632,33.182568,101.79274611398964,-0.0992573425350665,-0.0992573425350665,0.3443977254732197,1.0
5440000,1.9876703,0.09348575,37.044247,83.86111111111111,-0.05943211144393891,-0.05943211144393891,0.2941273883857696,1.0
5460000,1.8942945,-0.18641809,27.925455,83.33734939759036,-0.7194743943610229,-0.7194743943610229,0.2691353337317705,1.0
5480000,2.0086148,-0.17022374,30.862398,76.23320158102767,-0.5664118962269553,-0.5664118962269553,0.24277281857858826,1.0
5500000,1.868165,-0.13424675,31.239973,92.61057692307692,-0.5725550288807948,-0.5725550288807948,0.32365017153799497,1.0
5520000,1.936919,-0.26101846,28.494894,84.01339285714286,-0.845491506102657,-0.845491506102657,0.2506346659205779,1.0
5540000,2.0219882,-0.28333968,28.060867,88.42477876106194,-0.826601321211019,-0.826601321211019,0.3029813830159186,1.0
5560000,1.8125979,-0.20953041,33.732384,73.96491228070175,-0.6017245566264089,-0.6017245566264089,0.24049118742073086,1.0
5580000,2.0219884,-0.090797625,38.378334,86.97321428571429,-0.321375109486851,-0.321375109486851,0.27831335582770406,1.0
5600000,1.996229,-0.2644676,32.331043,69.4417808219178,-0.6861312640418821,-0.6861312640418821,0.23178666050960325,1.0
5620000,1.9577249,-0.047608085,43.064953,85.96,-0.15533434867700932,-0.15533434867700932,0.28314496766640457,1.0
5640000,1.9661065,-0.33490843,31.97018,67.79537953795379,-0.7631917490732238,-0.7631917490732238,0.21733233274042102,1.0
5660000,1.9873086,-0.37465093,31.58846,55.86018237082067,-0.8657255965507186,-0.8657255965507186,0.18519347864142818,1.0
5680000,2.0222943,-0.12279957,43.74203,82.65322580645162,-0.23246893927552587,-0.23246893927552587,0.2639588656975614,1.0
5700000,1.9649507,0.058548857,46.714287,95.4009900990099,0.0745236525785756,0.0745236525785756,0.33901847245830014,1.0
5720000,1.9726309,0.117349386,47.44235,89.95215311004785,0.031175004559582494,0.031175004559582494,0.30741271080086546,1.0
5740000,2.1822915,0.049504496,45.476982,104.86363636363636,-0.05570099790856691,-0.05570099790856691,0.3179857522996854,1.0
5760000,2.1032598,0.12903684,51.02399,107.25806451612904,0.10345026855867476,0.10345026855867476,0.33296773337104163,1.0
5780000,2.196477,0.09653745,47.389187,108.95061728395062,0.24733803820624187,0.24733803820624187,0.3174769999023721,1.0
5800000,2.142974,-0.13980882,40.03409,74.27338129496403,-0.605131529693869,-0.605131529693869,0.22584007472621018,1.0
5820000,2.1449177,0.19660549,54.14465,107.78823529411764,0.47691656541101324,0.47691656541101324,0.34091225285813237,1.0
5840000,2.2751856,-0.113651276,39.64112,92.66806722689076,-0.6230008319111845,-0.6230008319111845,0.29119378968558923,1.0
5860000,2.1992204,0.10997825,48.733288,100.87817258883248,0.043663597373196326,0.043663597373196326,0.3539246545173228,1.0
5880000,2.1401422,-0.027805153,46.85375,74.4609375,-0.39614123924307393,-0.39614123924307393,0.21824375691992168,1.0
5900000,2.0535455,0.07325478,56.099274,85.73059360730593,0.0404639315853091,0.0404639315853091,0.2549325773688076,1.0
5920000,2.1573894,-0.0071050464,48.549465,110.57788944723617,-0.24083366758107025,-0.24083366758107025,0.3048838924080714,1.0
5940000,2.1527836,0.21879219,61.11879,100.40782122905028,0.48451954329467,0.48451954329467,0.29988581221518185,1.0
5960000,2.1253061,0.23606808,59.316647,102.09326424870466,0.11423005086099584,0.11423005086099584,0.3209420480868547,1.0
5980000,2.194139,-0.23763679,42.468384,65.59692307692308,-0.8142547626557868,-0.8142547626557868,0.21844474142632234,1.0
6000000,2.0582507,-0.45208365,35.226627,34.3747870528109,-1.2150452368311444,-1.2150452368311444,0.10861424981372124,1.0
6020000,2.2220607,-0.37642848,39.69218,52.32091690544413,-0.9133553005021765,-0.9133553005021765,0.1574358309021708,1.0
6040000,2.1436195,-0.043073773,57.762836,73.61254612546125,-0.23656653409039685,-0.23656653409039685,0.21618309603218222,1.0
6060000,2.2373374,-0.3791712,44.348553,56.370262390670554,-0.8930221506942243,-0.8930221506942243,0.1826794359227337,1.0
6080000,2.1120696,-0.24055848,53.623035,63.10835913312693,-0.6168438201683234,-0.6168438201683234,0.1847013162731417,1.0
6100000,2.019982,-0.10977017,61.485558,67.11678832116789,-0.2828952484984243,-0.2828952484984243,0.21074070077900176,1.0
6120000,2.1328752,-0.29796118,56.094242,59.005970149253734,-0.6698011771170285,-0.6698011771170285,0.18638994071333664,1.0
6140000,2.0464673,-0.49874076,48.07905,45.85321100917431,-0.9462142192452629,-0.9462142192452629,0.14042395960853046,1.0
6160000,2.1386597,-0.7410761,41.20496,29.82792207792208,-1.293291877931953,-1.293291877931953,0.09187917006254959,1.0
6180000,2.1106174,-0.40441748,60.557545,55.038781163434905,-0.757701649854747,-0.757701649854747,0.16027489405031153,1.0
6200000,2.2221298,-0.16382433,73.448715,71.98039215686275,-0.18126849995744523,-0.18126849995744523,0.19988833398853362,1.0
6220000,2.19229,-0.47925797,58.11741,56.50857142857143,-0.7868344657539498,-0.7868344657539498,0.1679330857126029,1.0
6240000,2.3106782,-0.46316075,53.08589,59.002873563218394,-0.9337476988690343,-0.9337476988690343,0.16949642057535266,1.0
6260000,2.316961,-0.61424387,46.72323,45.5181598062954,-1.1343566554401336,-1.1343566554401336,0.1351807925294291,1.0
6280000,2.2530403,-0.17310596,67.9517,82.63671875,-0.40183202022717524,-0.40183202022717524,0.23238546798734205,1.0
6300000,2.239991,-0.051994618,76.90284,74.08064516129032,-0.26543588312896677,-0.26543588312896677,0.2092521568220916,1.0
6320000,1.9693373,-0.34079656,65.87439,48.12315270935961,-0.8062403850742557,-0.8062403850742557,0.1390436358044206,1.0
6340000,2.1766143,-0.41702458,57.303486,49.36159600997506,-0.9314359950905782,-0.9314359950905782,0.1505426283396082,1.0
6360000,2.1944683,0.06972715,85.96275,89.10762331838565,-0.017147982425699555,-0.017147982425699555,0.2592965850863405,1.0
6380000,2.2400727,-0.08879059,74.05289,81.18326693227091,-0.4871309408195047,-0.4871309408195047,0.2287883324953284,1.0
6400000,2.2876465,-0.09570461,77.41252,73.66920152091255,-0.4632072194701613,-0.4632072194701613,0.20691862234915695,1.0
6420000,2.282852,-0.20987646,72.719574,70.89930555555556,-0.537801736747901,-0.537801736747901,0.20327949439544885,1.0
6440000,2.1812234,0.18160418,103.429985,88.31428571428572,0.23993033686679263,0.23993033686679263,0.25544756715146216,1.0
6460000,2.2563381,-0.15647782,73.796265,79.34848484848484,-0.5160552973986452,-0.5160552973986452,0.23112368319583987,1.0
6480000,2.0786736,-0.17342001,81.95448,60.75796178343949,-0.5327958505890616,-0.5327958505890616,0.19225735627418788,1.0
6500000,2.0366683,-0.39072436,66.23404,40.35504201680672,-0.9782866037097101,-0.9782866037097101,0.13105618406272743,1.0
6520000,2.158697,-0.35805362,71.814964,54.21081081081081,-0.8354691052937131,-0.8354691052937131,0.17202485229004158,1.0
6540000,2.110292,-0.2797272,84.43218,67.58585858585859,-0.5577278444742715,-0.5577278444742715,0.1993074589315177,1.0
6560000,2.1698866,-0.3967997,77.65825,58.25993883792049,-0.7623819479201166,-0.7623819479201166,0.1748806733391689,1.0
6580000,2.100325,-0.23187143,96.00231,64.66237942122187,-0.46821601791881945,-0.46821601791881945,0.21425438539266067,1.0
6600000,2.0176628,-0.38895506,90.93985,57.22478386167147,-0.6576442158184784,-0.6576442158184784,0.17817712533459298,1.0
6620000,2.10882,-0.59088457,72.41239,49.06829268292683,-0.99381434808739,-0.99381434808739,0.1502169283410566,1.0
6640000,1.9922702,-0.46540737,90.10787,57.39710144927536,-0.6568619165807112,-0.6568619165807112,0.18055811540127548,1.0
6660000,2.065402,-0.13143133,119.22377,78.98809523809524,-0.06640670444538427,-0.06640670444538427,0.2673954885768641,1.0
6680000,2.0249472,-0.3176421,104.07684,62.22837370242215,-0.5168531058010934,-0.5168531058010934,0.1975810656362165,1.0
6700000,1.9878713,-0.008128178,128.36101,86.54298642533936,0.04449548130661114,0.04449548130661114,0.24751140736991634,1.0
6720000,2.2458003,-0.28114963,100.05133,72.02482269503547,-0.5527102752788494,-0.5527102752788494,0.21163266265142713,1.0
6740000,2.1107047,0.0548428,133.71867,88.66523605150215,0.1395306662278664,0.1395306662278664,0.27989374264712547,1.0
