Steps,Policy/Entropy,Environment/Episode Length,Policy/Extrinsic Value Estimate,Policy/Curiosity Value Estimate,Environment/Cumulative Reward,Policy/Extrinsic Reward,Policy/Curiosity Reward,Losses/Value Loss,Losses/Policy Loss,Policy/Learning Rate,Losses/Curiosity Forward Loss,Losses/Curiosity Inverse Loss,Is Training
20000,2.3099995,133.67375886524823,-0.040730298,0.03294863,-1.5036723196229085,-1.5036723196229085,0.9531824605453575,0.097983256,0.021727717,0.00029984495,1.66955,2.526169,1.0
40000,2.3028524,130.27586206896552,-0.22126351,0.23942082,-1.447811013254626,-1.447811013254626,1.1851801641911655,0.09416428,0.026110556,0.0002996136,0.48336414,2.391876,1.0
60000,2.2896788,188.08333333333334,-0.32177925,0.34460708,-1.360517393233716,-1.360517393233716,1.039527419557231,0.06637767,0.021920495,0.00029930373,0.28614002,2.310024,1.0
80000,2.2680154,264.29411764705884,-0.30550566,0.3730845,-1.4325448949753805,-1.4325448949753805,1.2329578936889605,0.042514317,0.028923318,0.00029899523,0.23351818,2.2505503,1.0
100000,2.2514107,317.72727272727275,-0.28134254,0.37079182,-1.4495863506401128,-1.4495863506401128,1.5264662535787052,0.0299543,0.021882726,0.00029868685,0.23422846,2.1827898,1.0
120000,2.2361321,420.37735849056605,-0.26844475,0.4119756,-1.321859220387759,-1.321859220387759,2.4653016655291946,0.026976928,0.022235423,0.00029837838,0.25674823,2.1134381,1.0
140000,2.1947844,691.8965517241379,-0.23348455,0.4406339,-1.4130896074247772,-1.4130896074247772,3.5594941512922404,0.017561022,0.022169748,0.00029807017,0.22296926,2.083573,1.0
160000,2.175086,379.1818181818182,-0.2291618,0.4592417,-1.4455599649893967,-1.4455599649893967,1.8775065933311865,0.025954073,0.021468867,0.0002977606,0.23976703,1.9576614,1.0
180000,2.1751966,336.6923076923077,-0.19512917,0.47575116,-1.5237961237390454,-1.5237961237390454,1.751208728210678,0.032160703,0.019414729,0.0002974523,0.25968072,1.9772689,1.0
200000,2.17958,533.9512195121952,-0.2167477,0.49510294,-1.3222438640801646,-1.3222438640801646,2.7832362308939236,0.021494796,0.018953979,0.00029714376,0.2507264,1.9369464,1.0
220000,2.1722167,455.0681818181818,-0.20353752,0.5083371,-1.1948271974476732,-1.1948271974476732,2.5203931477259505,0.028238527,0.024040844,0.00029683515,0.2695812,1.9347565,1.0
240000,2.149598,504.3157894736842,-0.19432017,0.51295286,-1.6857210364388793,-1.6857210364388793,2.9492554720246087,0.021928824,0.019497797,0.00029652737,0.28714478,1.8224137,1.0
260000,2.100571,333.46153846153845,-0.24358909,0.53846943,-1.6267630463107847,-1.6267630463107847,1.9795235895023395,0.030188566,0.022599472,0.0002962189,0.2894476,1.8113964,1.0
280000,2.1064262,497.3142857142857,-0.24193889,0.53454554,-1.3234221716928813,-1.3234221716928813,2.82160930441589,0.023090102,0.020356867,0.00029590997,0.27908424,1.7802988,1.0
300000,2.0909233,579.421052631579,-0.25957268,0.5456105,-1.432005222200563,-1.432005222200563,3.219795193241321,0.022118986,0.023792274,0.00029560068,0.27566648,1.801406,1.0
320000,2.0639675,471.38461538461536,-0.21843226,0.5528429,-1.326610207080077,-1.326610207080077,2.635613098570432,0.022558857,0.021294093,0.00029529154,0.28555933,1.837639,1.0
340000,2.0082633,515.4864864864865,-0.21106017,0.5602671,-1.2762832849079535,-1.2762832849079535,3.119482853951114,0.021125577,0.021667376,0.00029498155,0.28744417,1.7065094,1.0
360000,2.0108178,374.87301587301585,-0.20859526,0.57751197,-1.5962729864413776,-1.5962729864413776,2.226243430305095,0.02340927,0.022774374,0.0002947495,0.28895837,1.7252911,1.0
380000,1.9909961,399.1041666666667,-0.20682694,0.5750445,-1.4199082848693554,-1.4199082848693554,2.2049237581292496,0.0368118,0.026571743,0.0002945182,0.2734598,1.7685939,1.0
400000,1.9560138,403.15686274509807,-0.2281616,0.5606276,-1.6191692064301326,-1.6191692064301326,2.1288257355380873,0.034689553,0.025244534,0.0002942084,0.26485705,1.7325891,1.0
420000,1.9393299,384.2857142857143,-0.23689146,0.54384965,-1.4408142251361693,-1.4408142251361693,1.9212808252112674,0.026095634,0.027542535,0.0002939001,0.2515035,1.6760385,1.0
440000,1.9062473,580.1081081081081,-0.25455993,0.54368067,-1.5368810381199158,-1.5368810381199158,3.135311567180513,0.021681137,0.023858339,0.00029358966,0.25730425,1.6477357,1.0
460000,1.9291359,403.22,-0.24979442,0.5367076,-1.3581839703395964,-1.3581839703395964,2.0433572305738927,0.028851632,0.023469679,0.0002932803,0.2482708,1.6654849,1.0
480000,1.9655473,492.8974358974359,-0.18283142,0.5332795,-1.530979428965694,-1.530979428965694,2.5790787927436236,0.02504587,0.022450581,0.00029297022,0.25403374,1.6245456,1.0
500000,1.9630477,587.4166666666666,-0.18348198,0.5252503,-1.4736443920992315,-1.4736443920992315,2.9069989644275562,0.01896464,0.02670779,0.00029266186,0.24332976,1.6369145,1.0
520000,1.9513909,550.4594594594595,-0.16456929,0.50972116,-1.4428053382482078,-1.4428053382482078,2.693389711278566,0.020814504,0.019593801,0.00029235342,0.23997486,1.6353667,1.0
540000,1.9420924,508.6,-0.22293915,0.5165945,-1.7078399784862994,-1.7078399784862994,2.575118707619341,0.022602282,0.021870192,0.00029204367,0.2441149,1.6634104,1.0
560000,1.9546129,723.5185185185185,-0.22387502,0.5027244,-1.4135999402928132,-1.4135999402928132,3.4373554397477872,0.017004132,0.027295055,0.0002917347,0.22950855,1.590729,1.0
580000,1.976143,714.0625,-0.23003078,0.49726674,-1.476656187849585,-1.476656187849585,3.252649159403518,0.017924376,0.023151707,0.00029142638,0.21535683,1.5803605,1.0
600000,1.9227939,594.258064516129,-0.20787488,0.47395778,-1.6535870736284601,-1.6535870736284601,2.585536704361138,0.018631607,0.022285458,0.0002911161,0.20911883,1.5956924,1.0
620000,1.9212401,535.780487804878,-0.21948858,0.47051892,-1.45119996487004,-1.45119996487004,2.203782294689473,0.018841822,0.024907589,0.000290806,0.19623987,1.6014807,1.0
640000,1.887228,598.1515151515151,-0.18934287,0.4552216,-1.6395151247411515,-1.6395151247411515,2.392505433262241,0.020166537,0.022726873,0.0002904965,0.19481954,1.5716743,1.0
660000,1.8629404,568.6,-0.16965124,0.4478896,-1.5716719725728034,-1.5716719725728034,2.349680894948542,0.016673625,0.018153386,0.00029018827,0.19640478,1.4947385,1.0
680000,1.8679181,613.1590909090909,-0.1679276,0.4435046,-1.5529953136087158,-1.5529953136087158,2.4407931708319244,0.023845553,0.02228087,0.00028988018,0.19269937,1.5145756,1.0
700000,1.895648,477.7317073170732,-0.17634481,0.42768982,-1.2224285128482042,-1.2224285128482042,1.774879851866336,0.025456628,0.021126963,0.0002896489,0.18250848,1.5341243,1.0
720000,1.8499302,406.8,-0.19473743,0.4147645,-1.3068932853639126,-1.3068932853639126,1.5127809196089705,0.029805291,0.025268212,0.0002894174,0.18469039,1.5390613,1.0
740000,1.8822843,696.1538461538462,-0.16279165,0.41263896,-1.2446845414546819,-1.2446845414546819,2.6344882152043283,0.017044688,0.025369959,0.00028910895,0.17940302,1.5169466,1.0
760000,1.8868015,640.8125,-0.21045671,0.41111287,-1.3369312004651874,-1.3369312004651874,2.4758310311008245,0.021013355,0.026742391,0.0002888,0.18161735,1.5676147,1.0
780000,1.8978206,630.2,-0.18684158,0.40095264,-1.3706799514591694,-1.3706799514591694,2.245405238347926,0.019595325,0.021886203,0.00028849143,0.1760023,1.6001382,1.0
800000,1.8618965,487.38461538461536,-0.15694222,0.39469883,-1.2597025077527342,-1.2597025077527342,1.792484864473152,0.02353837,0.026554793,0.00028818173,0.17589417,1.548763,1.0
820000,1.800007,546.5,-0.15876064,0.38496906,-1.379993690410629,-1.379993690410629,2.028198721105582,0.026165003,0.020511841,0.00028787216,0.17724442,1.4860873,1.0
840000,1.8187957,767.1034482758621,-0.19094157,0.3887507,-1.214593039119038,-1.214593039119038,2.9358653276516447,0.01523603,0.026308764,0.00028756214,0.18018466,1.456408,1.0
860000,1.8450085,562.9714285714285,-0.20461984,0.3831763,-1.6423256937946593,-1.6423256937946593,1.9305302942371263,0.016771449,0.020087665,0.000287252,0.1669884,1.4686301,1.0
880000,1.8879128,708.76,-0.15929416,0.36828685,-1.3925199581682681,-1.3925199581682681,2.3651157414447517,0.017660081,0.021249313,0.00028694386,0.1653103,1.521326,1.0
900000,1.8740476,904.625,-0.17840293,0.3712869,-1.3818082789269586,-1.3818082789269586,3.187719468434807,0.013928289,0.022575375,0.0002866349,0.16637886,1.5116013,1.0
920000,1.8898312,529.3157894736842,-0.12983245,0.36466932,-1.292529681647146,-1.292529681647146,1.7981074866933144,0.02094327,0.021725453,0.00028632232,0.16835895,1.5347737,1.0
940000,1.8965104,620.0588235294117,-0.09371532,0.35221022,-1.2930570907890797,-1.2930570907890797,2.1217183782486244,0.022233143,0.022114081,0.00028601312,0.16973233,1.4845128,1.0
960000,1.9156307,672.3,-0.20397322,0.36101058,-1.24123989235765,-1.24123989235765,2.301361986870567,0.020491272,0.02299802,0.00028570223,0.16657792,1.4768887,1.0
980000,1.9019508,816.9473684210526,-0.25262696,0.35560653,-1.1841894019591181,-1.1841894019591181,2.9435169160485537,0.011543831,0.024659554,0.00028539044,0.17126974,1.4501832,1.0
1000000,1.8665737,783.8846153846154,-0.21589836,0.3477142,-1.5396615308351242,-1.5396615308351242,2.690896207341351,0.0139555745,0.02269356,0.0002850796,0.15460888,1.4568963,1.0
1020000,1.900513,829.8333333333334,-0.18864028,0.3495758,-1.2612932925733427,-1.2612932925733427,2.7323485001300774,0.016553806,0.022194628,0.00028484888,0.15320835,1.4848288,1.0
1040000,1.8977177,680.3846153846154,-0.17099077,0.3466577,-1.4400230141786428,-1.4400230141786428,2.205298762696867,0.017807567,0.025491906,0.00028461643,0.15807387,1.4988663,1.0
1060000,1.8967053,914.4117647058823,-0.17663991,0.3412253,-1.2487528959343976,-1.2487528959343976,2.7489842793301627,0.012356205,0.023141421,0.00028430665,0.15042274,1.5239232,1.0
1080000,1.8979567,830.12,-0.15116216,0.3284292,-1.4469759619235993,-1.4469759619235993,2.5796331667434425,0.014145445,0.023472533,0.00028399844,0.14783123,1.509644,1.0
1100000,1.8871242,1118.5652173913043,-0.17409389,0.31766072,-1.1849999519307977,-1.1849999519307977,3.363234033484174,0.009431924,0.021448454,0.00028368985,0.1473482,1.4061987,1.0
1120000,1.8970249,936.3888888888889,-0.13159125,0.31077504,-1.3408116994096952,-1.3408116994096952,2.906288710039328,0.0109599065,0.024174917,0.00028338085,0.14782208,1.433281,1.0
1140000,1.875585,1000.8,-0.135879,0.31207332,-1.2420094611034507,-1.2420094611034507,3.0153993573926745,0.013073223,0.025430122,0.00028307072,0.14624414,1.4153675,1.0
1160000,1.8530048,796.4090909090909,-0.12724389,0.31286007,-1.5590090404095298,-1.5590090404095298,2.3942993510810826,0.009740769,0.02487779,0.00028276123,0.1438826,1.4275444,1.0
1180000,1.8628131,893.9,-0.14784017,0.3133455,-1.1846399093978106,-1.1846399093978106,2.7168836406432093,0.015789097,0.0270077,0.0002824522,0.14625882,1.3540187,1.0
1200000,1.87596,1008.25,-0.12992547,0.31402057,-1.3251583008095622,-1.3251583008095622,3.0447267435956746,0.009612039,0.022726886,0.00028214452,0.14123097,1.3837149,1.0
1220000,1.8707421,923.0909090909091,-0.116497196,0.3121008,-1.2130181217904796,-1.2130181217904796,2.7007259259169754,0.010508929,0.02382404,0.00028183652,0.14292012,1.4204786,1.0
1240000,1.8579521,960.6666666666666,-0.14079659,0.3168798,-1.4303110543017585,-1.4303110543017585,3.116694033922007,0.0096563455,0.025405377,0.00028152636,0.15356311,1.3689046,1.0
1260000,1.8578942,954.375,-0.19108623,0.32688412,-1.1780249530080862,-1.1780249530080862,3.2417650727244713,0.012997115,0.022524398,0.0002812165,0.16118078,1.3908408,1.0
1280000,1.8150938,614.6129032258065,-0.16040353,0.31919983,-1.4626709125455348,-1.4626709125455348,1.9236089730214687,0.019485436,0.021498438,0.00028090854,0.15629084,1.3642675,1.0
1300000,1.809399,1052.0,-0.1597121,0.31801674,-1.4769999916288292,-1.4769999916288292,3.2393018550965715,0.0074413656,0.021050733,0.00028059995,0.14943315,1.3399756,1.0
1320000,1.8584486,1295.6153846153845,-0.1681211,0.2990303,-1.6041230582990325,-1.6041230582990325,4.161630720473253,0.0074917516,0.021820147,0.00028029224,0.15096924,1.360037,1.0
1340000,1.8296169,790.5555555555555,-0.16145083,0.31055453,-1.4996518049113177,-1.4996518049113177,2.5822043004273265,0.0153325135,0.020304717,0.00027998426,0.15085171,1.3561141,1.0
1360000,1.8019005,779.8,-0.1667254,0.30950585,-1.3122206560239709,-1.3122206560239709,2.284788153567833,0.009067648,0.02049949,0.00027975155,0.15149654,1.3346765,1.0
1380000,1.8100412,964.4444444444445,-0.18804264,0.30753648,-1.16851574594253,-1.16851574594253,3.113787182459706,0.017308686,0.026988234,0.00027952023,0.15117744,1.2873582,1.0
1400000,1.79331,1055.1,-0.1455257,0.30896312,-1.1563799497671425,-1.1563799497671425,3.1634809779003263,0.006689219,0.025911864,0.00027921138,0.14158252,1.3119841,1.0
1420000,1.7903268,1379.2307692307693,-0.19607805,0.32606435,-1.0211537890136242,-1.0211537890136242,5.050928261417609,0.009779884,0.030731075,0.00027890265,0.16342755,1.2442604,1.0
1440000,1.8076695,843.1428571428571,-0.13419725,0.3366449,-1.3997809448323788,-1.3997809448323788,3.0564395669581637,0.007817029,0.025037825,0.0002785934,0.16700862,1.3907945,1.0
1460000,1.8086625,682.3939393939394,-0.15512875,0.33586463,-1.222272683612325,-1.222272683612325,2.402781729727532,0.017315835,0.023266949,0.00027828515,0.1704464,1.3769898,1.0
1480000,1.8279593,679.3103448275862,-0.20520712,0.33165082,-1.5576620360129867,-1.5576620360129867,2.1910132202159227,0.015349338,0.024357654,0.0002779769,0.1519652,1.4539695,1.0
1500000,1.8461909,802.3181818181819,-0.19570562,0.32741883,-1.5091454005292193,-1.5091454005292193,2.512499176008119,0.016960884,0.028157573,0.00027766766,0.15322894,1.4072545,1.0
1520000,1.8589706,954.1304347826087,-0.25675625,0.33587492,-1.5521564930677414,-1.5521564930677414,3.373742067700495,0.0077843117,0.024551194,0.00027735857,0.17000493,1.3555043,1.0
1540000,1.8670908,961.44,-0.22537436,0.33517483,-1.564687961935997,-1.564687961935997,3.3383449380192904,0.01297651,0.022578094,0.00027704917,0.16509807,1.432617,1.0
1560000,1.848093,788.9166666666666,-0.20013024,0.32855216,-1.473374965135008,-1.473374965135008,2.6682919767530016,0.009270761,0.022820175,0.0002767396,0.15965348,1.4550667,1.0
1580000,1.8543012,937.25,-0.15596429,0.32843262,-1.4114699616795405,-1.4114699616795405,3.0861585296923293,0.012578286,0.024558125,0.0002764312,0.16571426,1.4011183,1.0
1600000,1.8593073,851.2307692307693,-0.13417226,0.32850328,-1.4259460974627962,-1.4259460974627962,2.8745267772688887,0.014980009,0.021690078,0.00027612253,0.16210483,1.4146988,1.0
1620000,1.872879,795.0454545454545,-0.14311884,0.33232778,-1.2519090065563268,-1.2519090065563268,2.662038940068504,0.016258618,0.021528423,0.00027581336,0.15971738,1.4198524,1.0
1640000,1.8394307,622.969696969697,-0.097894914,0.32648155,-1.4324787679608122,-1.4324787679608122,2.046855173948588,0.019132588,0.022488333,0.00027550454,0.15628514,1.389072,1.0
1660000,1.8395917,843.5384615384615,-0.13851982,0.3254538,-1.2680537697071066,-1.2680537697071066,2.7503323857672513,0.014729429,0.021955967,0.00027519607,0.16467169,1.3887708,1.0
1680000,1.8432803,781.1739130434783,-0.16269016,0.32049292,-0.9443303859063789,-0.9443303859063789,2.5025051647554273,0.014222601,0.02488362,0.00027488597,0.15871112,1.3523762,1.0
1700000,1.8418156,869.9090909090909,-0.1348355,0.32248136,-1.1947362988509915,-1.1947362988509915,2.975550401744179,0.014152179,0.02491657,0.00027457718,0.16774365,1.3507404,1.0
1720000,1.8624336,1113.5882352941176,-0.14430106,0.34641024,-1.1420469972140648,-1.1420469972140648,3.887863302274662,0.007361173,0.021388391,0.00027434496,0.17019653,1.397758,1.0
1740000,1.8407167,914.35,-0.14430636,0.3505796,-1.2971599507145584,-1.2971599507145584,3.4599650375312194,0.011627895,0.024925508,0.00027411344,0.1831064,1.3614707,1.0
1760000,1.8577148,1074.304347826087,-0.14194039,0.3661178,-1.0837216730351034,-1.0837216730351034,4.2064613133021025,0.009010766,0.02250357,0.00027380537,0.18460205,1.3492029,1.0
1780000,1.8490015,864.0,-0.116779365,0.3586751,-1.2815999126061797,-1.2815999126061797,2.921231912076473,0.01690711,0.023657778,0.00027349603,0.17261711,1.3384993,1.0
1800000,1.835097,797.92,-0.13797647,0.36272338,-1.3212319520115852,-1.3212319520115852,2.942903626002371,0.014632825,0.01771467,0.00027318654,0.1824811,1.3687551,1.0
1820000,1.8565878,817.9655172413793,-0.13440084,0.37550688,-1.2277861303039665,-1.2277861303039665,3.1129458012814024,0.012455849,0.026771996,0.000272877,0.18075997,1.3314266,1.0
1840000,1.8563781,671.25,-0.12886284,0.37302664,-1.1213142235231186,-1.1213142235231186,2.6045909659338315,0.018740581,0.024722323,0.000272567,0.186162,1.3703371,1.0
1860000,1.7915814,704.7407407407408,-0.17878173,0.38637158,-1.3013460925565317,-1.3013460925565317,3.0348873989155085,0.014639183,0.019363953,0.00027225667,0.20022884,1.3432782,1.0
1880000,1.731627,905.8181818181819,-0.16906558,0.405582,-1.3423166155504684,-1.3423166155504684,3.509400226360109,0.01292577,0.023589374,0.00027194608,0.1970621,1.2776539,1.0
1900000,1.8049743,861.56,-0.15504266,0.39388895,-1.0450399421527983,-1.0450399421527983,3.2728642751276493,0.010147677,0.018520005,0.00027163606,0.18673082,1.2653861,1.0
1920000,1.8332689,1064.8823529411766,-0.13879819,0.39293146,-0.9306470037383192,-0.9306470037383192,4.3674225211965245,0.009702915,0.023073502,0.00027132704,0.19262874,1.3253741,1.0
1940000,1.8330922,1073.6842105263158,-0.11090141,0.40519866,-1.1764525506449373,-1.1764525506449373,4.281653888915715,0.010318402,0.021337852,0.00027101842,0.19088747,1.2792094,1.0
1960000,1.8081882,685.8148148148148,-0.0784777,0.41070804,-1.1167851310844223,-1.1167851310844223,2.6607376163549445,0.016481789,0.023348104,0.00027070858,0.19314231,1.2516915,1.0
1980000,1.7820224,807.4782608695652,-0.14618064,0.41197,-1.3004782039510168,-1.3004782039510168,3.273025852992483,0.014419939,0.020923141,0.00027039845,0.18884148,1.2432752,1.0
2000000,1.7802837,1032.8095238095239,-0.13949962,0.41918698,-0.888752328764115,-0.888752328764115,4.02279565438983,0.008113148,0.020965017,0.00027008716,0.19375858,1.2470005,1.0
2020000,1.7571976,769.7857142857143,-0.12238689,0.4191197,-1.3986785339989833,-1.3986785339989833,3.1591735138873838,0.010525657,0.024247373,0.00026985476,0.18731686,1.3212837,1.0
2040000,1.7588474,949.2380952380952,-0.15875694,0.431673,-0.990876133952822,-0.990876133952822,3.9158123025581952,0.017699562,0.023897214,0.00026962196,0.20357122,1.2834134,1.0
2060000,1.7494262,855.2,-0.13324885,0.42988783,-1.2113119527697562,-1.2113119527697562,3.478252217080444,0.009317819,0.022836931,0.00026931323,0.1948117,1.2930493,1.0
2080000,1.8021468,789.2272727272727,-0.117196254,0.4200763,-1.2580363075672225,-1.2580363075672225,3.114236034452915,0.015333932,0.024318159,0.0002690041,0.19365242,1.2779323,1.0
2100000,1.8730955,1376.2142857142858,-0.09844275,0.41034284,-0.5614998792963368,-0.5614998792963368,5.222340598702431,0.010842666,0.024094228,0.000268695,0.17983949,1.2992401,1.0
2120000,1.9143288,796.625,-0.09107928,0.39826894,-0.8824665930199748,-0.8824665930199748,2.734339752661375,0.01578151,0.024697226,0.00026838726,0.17501262,1.2271427,1.0
2140000,1.8578825,826.1481481481482,-0.07198948,0.40515754,-1.009762902226713,-1.009762902226713,3.0531224795030774,0.011899326,0.02451559,0.000268079,0.17115062,1.2407548,1.0
2160000,1.874547,1008.35,-0.0793365,0.4034763,-1.0116899237968027,-1.0116899237968027,3.72304882472381,0.012880959,0.022591472,0.00026777133,0.18083064,1.2681733,1.0
2180000,1.8634176,1053.8,-0.12149935,0.41097417,-1.042306552330653,-1.042306552330653,3.8812443975359203,0.010459445,0.022438478,0.00026746205,0.18012112,1.2734212,1.0
2200000,1.8416407,1223.0,-0.09948033,0.4066434,-0.9247332685109642,-0.9247332685109642,4.714452142878953,0.008633134,0.025302358,0.00026715302,0.18661593,1.2569408,1.0
2220000,1.8442311,936.9090909090909,0.009376436,0.3847587,-0.9719453890892592,-0.9719453890892592,3.413295477290045,0.008961577,0.02562832,0.0002668443,0.17727147,1.2445213,1.0
2240000,1.8224019,846.2,0.008526177,0.3764489,-0.6313519145548344,-0.6313519145548344,2.9507122447527947,0.01566236,0.01986095,0.00026653399,0.16931675,1.2460294,1.0
2260000,1.8330563,991.578947368421,-0.07899731,0.3827315,-1.0092104077339172,-1.0092104077339172,3.6491439832668555,0.014631717,0.021680392,0.00026622502,0.18074869,1.2355084,1.0
2280000,1.8204247,879.2380952380952,-0.084326975,0.3932031,-0.3733427631003516,-0.3733427631003516,3.5175612363520834,0.010773355,0.020582419,0.0002659156,0.19037893,1.2894518,1.0
2300000,1.8299717,1139.0,-0.112812124,0.4004485,-0.4790443438622687,-0.4790443438622687,4.231832921091053,0.009955734,0.021518398,0.00026560735,0.18862286,1.2583547,1.0
2320000,1.8237113,961.4347826086956,-0.09858945,0.39157248,-1.0839564257260899,-1.0839564257260899,3.972441494525613,0.011665653,0.022300754,0.00026529783,0.2040963,1.3230028,1.0
2340000,1.8286333,639.4827586206897,-0.102691874,0.40603638,-1.0521240560659046,-1.0521240560659046,2.5974599204090394,0.017898228,0.019978236,0.00026498627,0.19778362,1.3280056,1.0
2360000,1.8228897,883.0434782608696,-0.121088944,0.4036088,-1.2788086346472087,-1.2788086346472087,3.4175046319141984,0.016376268,0.021033172,0.00026475394,0.1903902,1.3141345,1.0
2380000,1.845145,781.9629629629629,-0.086072035,0.40103534,-1.3351480519674994,-1.3351480519674994,3.104714748242663,0.012515821,0.021135833,0.00026452172,0.19562532,1.3153355,1.0
2400000,1.8336712,915.1363636363636,-0.13649392,0.4003252,-1.053254453380677,-1.053254453380677,3.626696243077855,0.01614843,0.026383962,0.00026421223,0.19611293,1.3121834,1.0
2420000,1.8298037,1021.2777777777778,-0.16654287,0.40120566,-0.8129221603998708,-0.8129221603998708,4.384973341392146,0.010658126,0.023205817,0.0002639032,0.20285404,1.2935464,1.0
2440000,1.8059112,1036.35,-0.107730635,0.40526387,-0.7768799437209963,-0.7768799437209963,4.018246624618769,0.011738779,0.020588232,0.00026359368,0.19392674,1.2928848,1.0
2460000,1.8148867,979.3684210526316,-0.11563043,0.4061483,-1.255157851663075,-1.255157851663075,3.877901267456381,0.0127936825,0.024102185,0.0002632829,0.18483694,1.2884812,1.0
2480000,1.7952852,1024.0,-0.1398212,0.40694597,-0.6911157199034565,-0.6911157199034565,3.921857719162577,0.006439918,0.024385333,0.00026297418,0.18928806,1.2774768,1.0
2500000,1.7304105,946.6,-0.036301322,0.3920477,-0.7818165559632083,-0.7818165559632083,3.559657664775538,0.015665513,0.019439725,0.0002626648,0.19345078,1.2256763,1.0
2520000,1.7160724,1080.6,-0.13992201,0.3937585,-1.2985373996198177,-1.2985373996198177,4.558589203574229,0.011177173,0.028334599,0.00026235505,0.19134685,1.230247,1.0
2540000,1.7508813,1015.8095238095239,-0.12046723,0.39262682,-1.368276136439471,-1.368276136439471,3.9644401889915266,0.010810399,0.020144213,0.00026204588,0.19146203,1.2164264,1.0
2560000,1.7015932,1189.5,-0.041871466,0.38753173,-1.553529378684128,-1.553529378684128,4.649638706736048,0.009539552,0.022471607,0.00026173738,0.18802768,1.2448051,1.0
2580000,1.7001444,1042.4285714285713,-0.13248897,0.39500818,-1.3581090200353751,-1.3581090200353751,4.026048446518623,0.011847013,0.0224731,0.00026142682,0.19686463,1.2316363,1.0
2600000,1.6739496,817.5454545454545,-0.05780082,0.3802454,-0.5460544615475968,-0.5460544615475968,3.3036218392662704,0.011679623,0.022307433,0.0002611177,0.18696049,1.1950139,1.0
2620000,1.7104594,835.05,-0.10492524,0.37863904,-0.8321399461477995,-0.8321399461477995,3.187330053374171,0.012680967,0.022186738,0.00026080772,0.17909667,1.1908073,1.0
2640000,1.7367676,1277.3333333333333,-0.14391851,0.3785282,-0.7996132388710976,-0.7996132388710976,4.4350218452280386,0.005888224,0.028127808,0.00026049785,0.18233447,1.2082198,1.0
2660000,1.7341728,885.0769230769231,-0.048085667,0.36963904,-1.07350763055281,-1.07350763055281,3.4341413273046224,0.013693731,0.029645788,0.00026018935,0.18159164,1.2114089,1.0
2680000,1.7285862,927.7619047619048,-0.10039336,0.36813268,-0.5948761174721378,-0.5948761174721378,3.5568180590247116,0.012016951,0.022823935,0.00025987806,0.1932103,1.2681582,1.0
2700000,1.7544677,980.0454545454545,-0.10073345,0.38163304,-0.8984635523943738,-0.8984635523943738,3.7648008267225865,0.016070763,0.025375271,0.00025964683,0.1810939,1.2929686,1.0
2720000,1.7891896,829.6666666666666,-0.11829358,0.3749803,-1.282999904338448,-1.282999904338448,2.940985201281451,0.013893921,0.022580184,0.00025941432,0.17553979,1.2561674,1.0
2740000,1.794796,1470.0,-0.12086186,0.37340853,-0.4285691428499726,-0.4285691428499726,5.584320621994825,0.007879503,0.026675481,0.00025910343,0.18345356,1.2645001,1.0
2760000,1.834981,1020.9473684210526,-0.0507779,0.3750566,-1.0218630648267113,-1.0218630648267113,3.8785935027622864,0.010586242,0.02386063,0.00025879266,0.18463689,1.2893074,1.0
2780000,1.8079476,1189.5555555555557,-0.11560601,0.3819018,-1.0817443546321657,-1.0817443546321657,4.551882204741964,0.008995811,0.021382932,0.00025848253,0.18459752,1.2823424,1.0
2800000,1.8141179,1265.4444444444443,-0.088981874,0.38337162,-0.7086443841043446,-0.7086443841043446,4.666896136193019,0.0076839756,0.020609245,0.0002581728,0.18115027,1.2672628,1.0
2820000,1.8385637,1040.3157894736842,-0.06295883,0.3757941,-0.6437578315013334,-0.6437578315013334,3.7727651063009704,0.011185044,0.0242251,0.0002578622,0.17841017,1.2699283,1.0
2840000,1.7608271,955.2777777777778,-0.11958382,0.37617335,-1.0333221076677244,-1.0333221076677244,3.300848593314489,0.012181886,0.023940448,0.00025755382,0.16715957,1.2565765,1.0
2860000,1.7506062,947.32,-0.10670287,0.3811097,-0.8296719342470169,-0.8296719342470169,3.4929942175373436,0.009375793,0.023445606,0.00025724468,0.18109593,1.2364688,1.0
2880000,1.7416563,1051.842105263158,-0.07134306,0.37590688,-1.2336315220515979,-1.2336315220515979,3.700792419767056,0.011218122,0.023806732,0.00025693618,0.16999751,1.2949607,1.0
2900000,1.7379209,1003.6666666666666,-0.10854201,0.37364933,-0.9112443913602166,-0.9112443913602166,3.6111299930424945,0.009410236,0.024372652,0.00025662707,0.17209798,1.2391436,1.0
2920000,1.7174091,970.1428571428571,-0.08142975,0.3629585,-0.644771322918435,-0.644771322918435,3.2920104578536535,0.011641387,0.020616472,0.00025631778,0.16867161,1.2081169,1.0
2940000,1.7854764,1611.909090909091,-0.107639015,0.35755724,-0.3182908074760979,-0.3182908074760979,5.811463752634484,0.005954112,0.02439528,0.00025600917,0.17210463,1.1953869,1.0
2960000,1.7073554,831.5185185185185,-0.08365647,0.35737395,-1.1714740203762497,-1.1714740203762497,3.012008524482587,0.015046931,0.022124432,0.00025569944,0.17863381,1.207845,1.0
2980000,1.7135162,1031.6315789473683,-0.075798996,0.3638284,-1.009199918983014,-1.009199918983014,3.90585711307358,0.011128272,0.02376755,0.0002553902,0.17625192,1.1974008,1.0
3000000,1.79386,1001.8235294117648,-0.10583699,0.37421063,-0.8744221853299273,-0.8744221853299273,3.497203324921429,0.011134611,0.025315255,0.00025508058,0.16778234,1.1692538,1.0
3020000,1.7940001,1145.0555555555557,-0.08961651,0.37510842,-0.7487665810104873,-0.7487665810104873,3.9281111113571874,0.008227154,0.02860537,0.0002548493,0.17066522,1.2048966,1.0
3040000,1.7630575,1040.4444444444443,-0.040429305,0.36889935,-0.6795665522416433,-0.6795665522416433,3.514286014975773,0.011893356,0.022021146,0.000254618,0.16338727,1.212723,1.0
3060000,1.7523044,1168.85,-0.09253656,0.36609796,-0.7652599212247878,-0.7652599212247878,3.945675319829024,0.009501785,0.023467997,0.0002543077,0.16218497,1.2051238,1.0
3080000,1.7968401,1229.7333333333333,-0.04755687,0.36236587,-0.5388531933228174,-0.5388531933228174,4.461867031113555,0.00976626,0.025147025,0.00025399768,0.17592497,1.2063366,1.0
3100000,1.7724023,915.75,-0.10502425,0.3560734,-1.1376083106733859,-1.1376083106733859,3.137704321765341,0.011885941,0.027087525,0.00025368796,0.16622132,1.1945431,1.0
3120000,1.7557465,674.4516129032259,-0.051629942,0.34730014,-0.444535375482613,-0.444535375482613,2.4265957659320727,0.01507624,0.021883046,0.0002533783,0.17793228,1.1928878,1.0
3140000,1.7407093,849.65,-0.04807035,0.3537627,-0.04329990108963102,-0.04329990108963102,2.922541115991771,0.016715322,0.024724603,0.00025306805,0.16594061,1.1506672,1.0
3160000,1.7292,887.1904761904761,-0.11733583,0.35567918,-0.8819332511297294,-0.8819332511297294,3.0984288322229294,0.010286933,0.026105508,0.0002527571,0.16760233,1.2239581,1.0
3180000,1.7034333,1230.6470588235295,-0.14499485,0.36736488,-0.572152823648032,-0.572152823648032,4.274839940535672,0.008299302,0.026848108,0.00025244767,0.17370337,1.1855501,1.0
3200000,1.7307944,1373.9285714285713,-0.044750173,0.36309537,-0.3401570747207318,-0.3401570747207318,4.893443742467623,0.005309383,0.02110421,0.0002521384,0.16550767,1.1479907,1.0
3220000,1.6963583,1211.6470588235295,-0.07857984,0.36335206,-0.3204939928563202,-0.3204939928563202,4.39325244954842,0.00782482,0.0228756,0.00025182986,0.17785439,1.1745744,1.0
3240000,1.7712035,771.5,-0.020796763,0.36021748,-0.6333998903059043,-0.6333998903059043,2.6839962491693976,0.014351657,0.022795748,0.00025152112,0.1683417,1.1834815,1.0
3260000,1.7497994,812.36,-0.0105120465,0.3569209,-0.6859839102625847,-0.6859839102625847,2.7715145444869993,0.01781636,0.025186908,0.00025121134,0.16603632,1.2087523,1.0
3280000,1.7627047,960.695652173913,-0.054210912,0.34201592,-0.8845042674397321,-0.8845042674397321,3.1460000686145024,0.013373304,0.023200992,0.00025090092,0.15998681,1.1883171,1.0
3300000,1.7850484,973.5263157894736,-0.1755698,0.34575647,-1.0709578297836215,-1.0709578297836215,3.2865041093533174,0.008828789,0.026060944,0.0002505916,0.17150241,1.1691206,1.0
3320000,1.7187877,1081.8333333333333,-0.08223656,0.3471023,-0.7204443767356375,-0.7204443767356375,3.649685529526323,0.010649937,0.02491713,0.00025028325,0.15542468,1.1850281,1.0
3340000,1.7410383,993.85,-0.031627625,0.33825478,-0.2992698760237545,-0.2992698760237545,3.0590357041684912,0.010751825,0.023364156,0.0002500527,0.15243816,1.1740601,1.0
3360000,1.7397548,1106.2777777777778,-0.11802283,0.34054223,-0.8329110356668631,-0.8329110356668631,3.8773529095730432,0.010432425,0.02200415,0.00024982146,0.17031455,1.1829798,1.0
3380000,1.7906728,796.4615384615385,-0.055330727,0.33491865,-0.9566768363404733,-0.9566768363404733,2.6872738383602925,0.012099275,0.024961397,0.00024951255,0.16417147,1.222459,1.0
3400000,1.7708199,764.72,-0.14548743,0.3462849,-1.2202079458534718,-1.2202079458534718,2.539838228523731,0.014328469,0.026365783,0.0002492032,0.1680084,1.1915228,1.0
3420000,1.7588707,911.8695652173913,-0.08279228,0.3460779,-0.6601564343208852,-0.6601564343208852,3.228452177029913,0.012628417,0.022967562,0.00024889357,0.17196968,1.2421699,1.0
3440000,1.715827,1093.8235294117646,-0.12773407,0.35532504,-0.6045881444040466,-0.6045881444040466,4.043796589488492,0.0123772025,0.019273818,0.00024858455,0.17169905,1.1591259,1.0
3460000,1.7555401,973.9545454545455,-0.08299422,0.35703373,-0.9460999179970134,-0.9460999179970134,3.5115196941505102,0.008257688,0.024440747,0.0002482746,0.17656067,1.1601803,1.0
3480000,1.7098562,1014.75,-0.051541556,0.3609464,-0.4485298752784729,-0.4485298752784729,3.7615778341889383,0.011854629,0.019861745,0.00024796522,0.17848517,1.1662426,1.0
3500000,1.704687,1131.7777777777778,-0.052010145,0.35942483,-0.5091109797358513,-0.5091109797358513,3.914182165534132,0.010038825,0.02308567,0.00024765567,0.1705356,1.1751492,1.0
3520000,1.6847602,964.5,-0.077928066,0.3677569,-0.8958221716392372,-0.8958221716392372,3.530228915158659,0.008493256,0.023154832,0.0002473466,0.17253083,1.1441456,1.0
3540000,1.6938031,1211.625,-0.074181184,0.3710863,-0.40296242688782513,-0.40296242688782513,4.34093599114567,0.011709653,0.023900226,0.00024703678,0.17682487,1.1549549,1.0
3560000,1.7451223,1337.75,-0.064233966,0.36863855,0.25073767226422206,0.25073767226422206,4.740163879585452,0.007857305,0.019842591,0.0002467269,0.16884801,1.1784091,1.0
3580000,1.6891272,899.9090909090909,-0.11219415,0.368705,-0.7691908324645325,-0.7691908324645325,3.3114631831783545,0.012794292,0.027494458,0.00024641806,0.17980239,1.1114888,1.0
3600000,1.674561,1075.65,-0.1577581,0.3781817,-0.8725699143018574,-0.8725699143018574,3.8651099102571607,0.009936569,0.026590064,0.00024610845,0.17337263,1.1216388,1.0
3620000,1.6690695,1533.6666666666667,-0.121289596,0.3785209,-0.29856649910410243,-0.29856649910410243,5.364964101153116,0.0044621387,0.025670126,0.00024579902,0.17268051,1.1179017,1.0
3640000,1.6722156,761.7741935483871,-0.041901413,0.36995456,-0.9686515330066604,-0.9686515330066604,2.691491739313689,0.021152128,0.026453525,0.0002454889,0.1722883,1.1994855,1.0
3660000,1.6922812,891.1,-0.08074055,0.35841006,-1.0084899436682462,-1.0084899436682462,2.918464890494943,0.0117837805,0.018586721,0.0002451797,0.16338058,1.208319,1.0
3680000,1.7080076,931.5,-0.08853244,0.3551507,-0.927827178415927,-0.927827178415927,3.226814310616729,0.009618712,0.017123006,0.00024494802,0.16978025,1.1907761,1.0
3700000,1.774876,1405.25,-0.091385424,0.36199772,-0.8426832438757023,-0.8426832438757023,5.049331376949946,0.010441325,0.020406159,0.00024471545,0.17157099,1.1644905,1.0
3720000,1.742299,1193.2666666666667,-0.078735076,0.34771654,-0.7026399311920007,-0.7026399311920007,4.145243454258889,0.006562586,0.0240347,0.00024440745,0.16561823,1.1337374,1.0
3740000,1.7275678,956.8260869565217,-0.05541107,0.3427624,-1.0933130105714435,-1.0933130105714435,3.193656100101931,0.01010485,0.022221105,0.00024409799,0.16255459,1.182749,1.0
3760000,1.7582428,1097.5,-0.08299684,0.34396493,-1.0836544673551212,-1.0836544673551212,3.789304777133194,0.010419771,0.024121532,0.00024378808,0.16904144,1.2012789,1.0
3780000,1.7626693,898.1428571428571,-0.082372986,0.33739123,-0.884323719534136,-0.884323719534136,2.9752264124829146,0.01095398,0.02779964,0.00024347796,0.1670661,1.1747288,1.0
3800000,1.782018,1058.2941176470588,-0.10441638,0.33969265,-1.0166822748587412,-1.0166822748587412,3.60762647506507,0.009251868,0.024880003,0.00024316777,0.16728881,1.197573,1.0
3820000,1.7566527,1085.1764705882354,-0.102811456,0.34533486,-1.3875175856930368,-1.3875175856930368,3.9712454042780925,0.009054371,0.025124844,0.00024285789,0.1746524,1.2191491,1.0
3840000,1.7438493,1094.05,-0.06813759,0.34454834,-0.6738099347800016,-0.6738099347800016,3.8470214867964385,0.00884401,0.026942246,0.00024254854,0.1712197,1.201966,1.0
3860000,1.7507898,1268.4666666666667,-0.041693166,0.34284967,0.012800156573454539,0.012800156573454539,4.353231301903724,0.010182456,0.026307274,0.0002422395,0.16754134,1.2120707,1.0
